,0
0,"(1, 1, 'systemd', Decimal('0.000'), Decimal('0.310'), datetime.datetime(2022, 11, 23, 14, 34, 42, 910000))"
1,"(2, 2, 'kthreadd', Decimal('0.000'), Decimal('0.000'), datetime.datetime(2022, 11, 23, 14, 34, 42, 947000))"
2,"(3, 3, 'rcu_gp', Decimal('0.000'), Decimal('0.000'), datetime.datetime(2022, 11, 23, 14, 34, 42, 967000))"
3,"(4, 4, 'rcu_par_gp', Decimal('0.000'), Decimal('0.000'), datetime.datetime(2022, 11, 23, 14, 34, 42, 977000))"
4,"(5, 5, 'netns', Decimal('0.000'), Decimal('0.000'), datetime.datetime(2022, 11, 23, 14, 34, 42, 987000))"
5,"(6, 6, 'kworker/0:0-events', Decimal('0.000'), Decimal('0.000'), datetime.datetime(2022, 11, 23, 14, 34, 43, 3000))"
6,"(7, 7, 'kworker/0:0H-events_highpri', Decimal('0.000'), Decimal('0.000'), datetime.datetime(2022, 11, 23, 14, 34, 43, 17000))"
7,"(8, 8, 'kworker/u4:0-flush-259:0', Decimal('0.000'), Decimal('0.000'), datetime.datetime(2022, 11, 23, 14, 34, 43, 30000))"
8,"(9, 9, 'mm_percpu_wq', Decimal('0.000'), Decimal('0.000'), datetime.datetime(2022, 11, 23, 14, 34, 43, 40000))"
9,"(10, 10, 'rcu_tasks_rude_', Decimal('0.000'), Decimal('0.000'), datetime.datetime(2022, 11, 23, 14, 34, 43, 50000))"
10,"(11, 11, 'rcu_tasks_trace', Decimal('0.000'), Decimal('0.000'), datetime.datetime(2022, 11, 23, 14, 34, 43, 60000))"
11,"(12, 12, 'ksoftirqd/0', Decimal('0.000'), Decimal('0.000'), datetime.datetime(2022, 11, 23, 14, 34, 43, 73000))"
12,"(13, 13, 'rcu_sched', Decimal('0.000'), Decimal('0.000'), datetime.datetime(2022, 11, 23, 14, 34, 43, 83000))"
13,"(14, 14, 'migration/0', Decimal('0.000'), Decimal('0.000'), datetime.datetime(2022, 11, 23, 14, 34, 43, 97000))"
14,"(15, 15, 'idle_inject/0', Decimal('0.000'), Decimal('0.000'), datetime.datetime(2022, 11, 23, 14, 34, 43, 107000))"
15,"(16, 16, 'kworker/0:1-events', Decimal('0.000'), Decimal('0.000'), datetime.datetime(2022, 11, 23, 14, 34, 43, 117000))"
16,"(17, 17, 'cpuhp/0', Decimal('0.000'), Decimal('0.000'), datetime.datetime(2022, 11, 23, 14, 34, 43, 127000))"
17,"(18, 18, 'cpuhp/1', Decimal('0.000'), Decimal('0.000'), datetime.datetime(2022, 11, 23, 14, 34, 43, 137000))"
18,"(19, 19, 'idle_inject/1', Decimal('0.000'), Decimal('0.000'), datetime.datetime(2022, 11, 23, 14, 34, 43, 147000))"
19,"(20, 20, 'migration/1', Decimal('0.000'), Decimal('0.000'), datetime.datetime(2022, 11, 23, 14, 34, 43, 160000))"
20,"(21, 21, 'ksoftirqd/1', Decimal('0.000'), Decimal('0.000'), datetime.datetime(2022, 11, 23, 14, 34, 43, 170000))"
21,"(22, 22, 'kworker/1:0-events', Decimal('0.000'), Decimal('0.000'), datetime.datetime(2022, 11, 23, 14, 34, 43, 180000))"
22,"(23, 23, 'kworker/1:0H-events_highpri', Decimal('0.000'), Decimal('0.000'), datetime.datetime(2022, 11, 23, 14, 34, 43, 190000))"
23,"(24, 24, 'kdevtmpfs', Decimal('0.000'), Decimal('0.000'), datetime.datetime(2022, 11, 23, 14, 34, 43, 203000))"
24,"(25, 25, 'inet_frag_wq', Decimal('0.000'), Decimal('0.000'), datetime.datetime(2022, 11, 23, 14, 34, 43, 213000))"
25,"(26, 26, 'kauditd', Decimal('0.000'), Decimal('0.000'), datetime.datetime(2022, 11, 23, 14, 34, 43, 223000))"
26,"(27, 27, 'kworker/1:1-cgroup_destroy', Decimal('0.000'), Decimal('0.000'), datetime.datetime(2022, 11, 23, 14, 34, 43, 240000))"
27,"(28, 28, 'khungtaskd', Decimal('0.000'), Decimal('0.000'), datetime.datetime(2022, 11, 23, 14, 34, 43, 253000))"
28,"(29, 29, 'oom_reaper', Decimal('0.000'), Decimal('0.000'), datetime.datetime(2022, 11, 23, 14, 34, 43, 263000))"
29,"(30, 30, 'writeback', Decimal('0.000'), Decimal('0.000'), datetime.datetime(2022, 11, 23, 14, 34, 43, 273000))"
30,"(31, 31, 'kcompactd0', Decimal('0.000'), Decimal('0.000'), datetime.datetime(2022, 11, 23, 14, 34, 43, 287000))"
31,"(32, 32, 'ksmd', Decimal('0.000'), Decimal('0.000'), datetime.datetime(2022, 11, 23, 14, 34, 43, 300000))"
32,"(33, 33, 'khugepaged', Decimal('0.000'), Decimal('0.000'), datetime.datetime(2022, 11, 23, 14, 34, 43, 310000))"
33,"(34, 79, 'kintegrityd', Decimal('0.000'), Decimal('0.000'), datetime.datetime(2022, 11, 23, 14, 34, 43, 323000))"
34,"(35, 80, 'kblockd', Decimal('0.000'), Decimal('0.000'), datetime.datetime(2022, 11, 23, 14, 34, 43, 333000))"
35,"(36, 81, 'blkcg_punt_bio', Decimal('0.000'), Decimal('0.000'), datetime.datetime(2022, 11, 23, 14, 34, 43, 343000))"
36,"(37, 82, 'tpm_dev_wq', Decimal('0.000'), Decimal('0.000'), datetime.datetime(2022, 11, 23, 14, 34, 43, 353000))"
37,"(38, 83, 'ata_sff', Decimal('0.000'), Decimal('0.000'), datetime.datetime(2022, 11, 23, 14, 34, 43, 370000))"
38,"(39, 84, 'md', Decimal('0.000'), Decimal('0.000'), datetime.datetime(2022, 11, 23, 14, 34, 43, 380000))"
39,"(40, 85, 'edac-poller', Decimal('0.000'), Decimal('0.000'), datetime.datetime(2022, 11, 23, 14, 34, 43, 390000))"
40,"(41, 86, 'devfreq_wq', Decimal('0.000'), Decimal('0.000'), datetime.datetime(2022, 11, 23, 14, 34, 43, 400000))"
41,"(42, 87, 'watchdogd', Decimal('0.000'), Decimal('0.000'), datetime.datetime(2022, 11, 23, 14, 34, 43, 410000))"
42,"(43, 88, 'kworker/u4:1-ext4-rsv-conversion', Decimal('0.000'), Decimal('0.000'), datetime.datetime(2022, 11, 23, 14, 34, 43, 423000))"
43,"(44, 89, 'kworker/1:1H-events_highpri', Decimal('0.000'), Decimal('0.000'), datetime.datetime(2022, 11, 23, 14, 34, 43, 433000))"
44,"(45, 91, 'kswapd0', Decimal('0.000'), Decimal('0.000'), datetime.datetime(2022, 11, 23, 14, 34, 43, 443000))"
45,"(46, 92, 'ecryptfs-kthrea', Decimal('0.000'), Decimal('0.000'), datetime.datetime(2022, 11, 23, 14, 34, 43, 453000))"
46,"(47, 94, 'kthrotld', Decimal('0.000'), Decimal('0.000'), datetime.datetime(2022, 11, 23, 14, 34, 43, 467000))"
47,"(48, 95, 'acpi_thermal_pm', Decimal('0.000'), Decimal('0.000'), datetime.datetime(2022, 11, 23, 14, 34, 43, 480000))"
48,"(49, 96, 'nvme-wq', Decimal('0.000'), Decimal('0.000'), datetime.datetime(2022, 11, 23, 14, 34, 43, 490000))"
49,"(50, 97, 'nvme-reset-wq', Decimal('0.000'), Decimal('0.000'), datetime.datetime(2022, 11, 23, 14, 34, 43, 500000))"
50,"(51, 98, 'nvme-delete-wq', Decimal('0.000'), Decimal('0.000'), datetime.datetime(2022, 11, 23, 14, 34, 43, 510000))"
51,"(52, 99, 'kworker/u4:2-flush-259:0', Decimal('0.000'), Decimal('0.000'), datetime.datetime(2022, 11, 23, 14, 34, 43, 527000))"
52,"(53, 100, 'vfio-irqfd-clea', Decimal('0.000'), Decimal('0.000'), datetime.datetime(2022, 11, 23, 14, 34, 43, 540000))"
53,"(54, 101, 'kworker/u4:3-flush-259:0', Decimal('0.000'), Decimal('0.000'), datetime.datetime(2022, 11, 23, 14, 34, 43, 550000))"
54,"(55, 102, 'kworker/0:1H-events_highpri', Decimal('0.000'), Decimal('0.000'), datetime.datetime(2022, 11, 23, 14, 34, 43, 560000))"
55,"(56, 103, 'mld', Decimal('0.000'), Decimal('0.000'), datetime.datetime(2022, 11, 23, 14, 34, 43, 570000))"
56,"(57, 104, 'ipv6_addrconf', Decimal('0.000'), Decimal('0.000'), datetime.datetime(2022, 11, 23, 14, 34, 43, 580000))"
57,"(58, 105, 'kworker/0:2-events', Decimal('0.000'), Decimal('0.000'), datetime.datetime(2022, 11, 23, 14, 34, 43, 597000))"
58,"(59, 114, 'kstrp', Decimal('0.000'), Decimal('0.000'), datetime.datetime(2022, 11, 23, 14, 34, 43, 607000))"
59,"(60, 117, 'zswap-shrink', Decimal('0.000'), Decimal('0.000'), datetime.datetime(2022, 11, 23, 14, 34, 43, 620000))"
60,"(61, 118, 'kworker/u5:0', Decimal('0.000'), Decimal('0.000'), datetime.datetime(2022, 11, 23, 14, 34, 43, 637000))"
61,"(62, 123, 'charger_manager', Decimal('0.000'), Decimal('0.000'), datetime.datetime(2022, 11, 23, 14, 34, 43, 647000))"
62,"(63, 124, 'jbd2/nvme0n1p1-', Decimal('0.000'), Decimal('0.000'), datetime.datetime(2022, 11, 23, 14, 34, 43, 657000))"
63,"(64, 125, 'ext4-rsv-conver', Decimal('0.000'), Decimal('0.000'), datetime.datetime(2022, 11, 23, 14, 34, 43, 670000))"
64,"(65, 165, 'systemd-journald', Decimal('0.000'), Decimal('1.030'), datetime.datetime(2022, 11, 23, 14, 34, 43, 680000))"
65,"(66, 187, 'kworker/1:2-rcu_gp', Decimal('0.000'), Decimal('0.000'), datetime.datetime(2022, 11, 23, 14, 34, 43, 690000))"
66,"(67, 190, 'kworker/0:3-cgroup_destroy', Decimal('0.000'), Decimal('0.000'), datetime.datetime(2022, 11, 23, 14, 34, 43, 700000))"
67,"(68, 199, 'kworker/1:3-events', Decimal('0.000'), Decimal('0.000'), datetime.datetime(2022, 11, 23, 14, 34, 43, 713000))"
68,"(69, 205, 'kaluad', Decimal('0.000'), Decimal('0.000'), datetime.datetime(2022, 11, 23, 14, 34, 43, 727000))"
69,"(70, 206, 'kmpath_rdacd', Decimal('0.000'), Decimal('0.000'), datetime.datetime(2022, 11, 23, 14, 34, 43, 737000))"
70,"(71, 207, 'kmpathd', Decimal('0.000'), Decimal('0.000'), datetime.datetime(2022, 11, 23, 14, 34, 43, 750000))"
71,"(72, 208, 'kmpath_handlerd', Decimal('0.000'), Decimal('0.000'), datetime.datetime(2022, 11, 23, 14, 34, 43, 760000))"
72,"(73, 209, 'multipathd', Decimal('0.000'), Decimal('0.690'), datetime.datetime(2022, 11, 23, 14, 34, 43, 770000))"
73,"(74, 212, 'systemd-udevd', Decimal('0.000'), Decimal('0.180'), datetime.datetime(2022, 11, 23, 14, 34, 43, 797000))"
74,"(75, 242, 'cryptd', Decimal('0.000'), Decimal('0.000'), datetime.datetime(2022, 11, 23, 14, 34, 43, 807000))"
75,"(76, 243, 'ena', Decimal('0.000'), Decimal('0.000'), datetime.datetime(2022, 11, 23, 14, 34, 43, 817000))"
76,"(77, 276, 'kworker/0:4-events', Decimal('0.000'), Decimal('0.000'), datetime.datetime(2022, 11, 23, 14, 34, 43, 827000))"
77,"(78, 320, 'kworker/u4:4-loop12', Decimal('0.000'), Decimal('0.000'), datetime.datetime(2022, 11, 23, 14, 34, 43, 837000))"
78,"(79, 326, 'kworker/u4:5-flush-259:0', Decimal('0.000'), Decimal('0.000'), datetime.datetime(2022, 11, 23, 14, 34, 43, 847000))"
79,"(80, 330, 'kworker/u4:6-events_unbound', Decimal('0.000'), Decimal('0.000'), datetime.datetime(2022, 11, 23, 14, 34, 43, 857000))"
80,"(81, 331, 'kworker/u4:7-ext4-rsv-conversion', Decimal('0.000'), Decimal('0.000'), datetime.datetime(2022, 11, 23, 14, 34, 43, 867000))"
81,"(82, 333, 'kworker/u4:8-flush-259:0', Decimal('0.000'), Decimal('0.000'), datetime.datetime(2022, 11, 23, 14, 34, 43, 883000))"
82,"(83, 353, 'kworker/1:4-events', Decimal('0.000'), Decimal('0.000'), datetime.datetime(2022, 11, 23, 14, 34, 43, 893000))"
83,"(84, 388, 'kworker/1:5-events', Decimal('0.000'), Decimal('0.000'), datetime.datetime(2022, 11, 23, 14, 34, 43, 903000))"
84,"(85, 390, 'kworker/1:6-cgroup_destroy', Decimal('0.000'), Decimal('0.000'), datetime.datetime(2022, 11, 23, 14, 34, 43, 913000))"
85,"(86, 397, 'kworker/1:7-cgroup_destroy', Decimal('0.000'), Decimal('0.000'), datetime.datetime(2022, 11, 23, 14, 34, 43, 927000))"
86,"(87, 475, 'systemd-networkd', Decimal('0.000'), Decimal('0.200'), datetime.datetime(2022, 11, 23, 14, 34, 43, 937000))"
87,"(88, 477, 'systemd-resolved', Decimal('0.000'), Decimal('0.320'), datetime.datetime(2022, 11, 23, 14, 34, 43, 950000))"
88,"(89, 511, 'accounts-daemon', Decimal('0.000'), Decimal('0.200'), datetime.datetime(2022, 11, 23, 14, 34, 43, 960000))"
89,"(90, 512, 'acpid', Decimal('0.000'), Decimal('0.030'), datetime.datetime(2022, 11, 23, 14, 34, 43, 977000))"
90,"(91, 513, 'avahi-daemon', Decimal('0.000'), Decimal('0.100'), datetime.datetime(2022, 11, 23, 14, 34, 43, 987000))"
91,"(92, 514, 'dbus-daemon', Decimal('0.000'), Decimal('0.160'), datetime.datetime(2022, 11, 23, 14, 34, 44))"
92,"(93, 515, 'NetworkManager', Decimal('0.000'), Decimal('0.450'), datetime.datetime(2022, 11, 23, 14, 34, 44, 10000))"
93,"(94, 516, 'connmand', Decimal('0.000'), Decimal('0.180'), datetime.datetime(2022, 11, 23, 14, 34, 44, 20000))"
94,"(95, 518, 'dundee', Decimal('0.000'), Decimal('0.050'), datetime.datetime(2022, 11, 23, 14, 34, 44, 33000))"
95,"(96, 522, 'irqbalance', Decimal('0.000'), Decimal('0.100'), datetime.datetime(2022, 11, 23, 14, 34, 44, 43000))"
96,"(97, 523, 'networkd-dispat', Decimal('0.000'), Decimal('0.530'), datetime.datetime(2022, 11, 23, 14, 34, 44, 57000))"
97,"(98, 524, 'ofonod', Decimal('0.000'), Decimal('0.150'), datetime.datetime(2022, 11, 23, 14, 34, 44, 67000))"
98,"(99, 525, 'polkitd', Decimal('0.000'), Decimal('0.260'), datetime.datetime(2022, 11, 23, 14, 34, 44, 77000))"
99,"(100, 526, 'power-profiles-daemon', Decimal('0.000'), Decimal('0.190'), datetime.datetime(2022, 11, 23, 14, 34, 44, 87000))"
100,"(101, 527, 'rsyslogd', Decimal('0.000'), Decimal('0.150'), datetime.datetime(2022, 11, 23, 14, 34, 44, 97000))"
101,"(102, 528, 'snapd', Decimal('0.000'), Decimal('0.710'), datetime.datetime(2022, 11, 23, 14, 34, 44, 110000))"
102,"(103, 529, 'switcheroo-control', Decimal('0.000'), Decimal('0.120'), datetime.datetime(2022, 11, 23, 14, 34, 44, 120000))"
103,"(104, 530, 'systemd-logind', Decimal('0.000'), Decimal('0.230'), datetime.datetime(2022, 11, 23, 14, 34, 44, 160000))"
104,"(105, 531, 'udisksd', Decimal('0.000'), Decimal('0.330'), datetime.datetime(2022, 11, 23, 14, 34, 44, 173000))"
105,"(106, 532, 'wpa_supplicant', Decimal('0.000'), Decimal('0.150'), datetime.datetime(2022, 11, 23, 14, 34, 44, 190000))"
106,"(107, 533, 'avahi-daemon', Decimal('0.000'), Decimal('0.010'), datetime.datetime(2022, 11, 23, 14, 34, 44, 203000))"
107,"(108, 557, 'ModemManager', Decimal('0.000'), Decimal('0.300'), datetime.datetime(2022, 11, 23, 14, 34, 44, 213000))"
108,"(109, 579, 'amazon-ssm-agent', Decimal('0.000'), Decimal('0.350'), datetime.datetime(2022, 11, 23, 14, 34, 44, 223000))"
109,"(110, 583, 'containerd', Decimal('0.000'), Decimal('0.880'), datetime.datetime(2022, 11, 23, 14, 34, 44, 233000))"
110,"(111, 596, 'bpfilter_umh', Decimal('0.000'), Decimal('0.020'), datetime.datetime(2022, 11, 23, 14, 34, 44, 247000))"
111,"(112, 609, 'xrdp-sesman', Decimal('0.000'), Decimal('0.140'), datetime.datetime(2022, 11, 23, 14, 34, 44, 257000))"
112,"(113, 652, 'xrdp', Decimal('0.000'), Decimal('0.060'), datetime.datetime(2022, 11, 23, 14, 34, 44, 270000))"
113,"(114, 669, 'unattended-upgr', Decimal('0.000'), Decimal('0.590'), datetime.datetime(2022, 11, 23, 14, 34, 44, 280000))"
114,"(115, 714, 'chronyd', Decimal('0.000'), Decimal('0.090'), datetime.datetime(2022, 11, 23, 14, 34, 44, 293000))"
115,"(116, 722, 'chronyd', Decimal('0.000'), Decimal('0.080'), datetime.datetime(2022, 11, 23, 14, 34, 44, 303000))"
116,"(117, 781, 'dockerd', Decimal('0.000'), Decimal('1.910'), datetime.datetime(2022, 11, 23, 14, 34, 44, 313000))"
117,"(118, 783, 'cron', Decimal('0.000'), Decimal('0.070'), datetime.datetime(2022, 11, 23, 14, 34, 44, 323000))"
118,"(119, 807, 'agetty', Decimal('0.000'), Decimal('0.030'), datetime.datetime(2022, 11, 23, 14, 34, 44, 333000))"
119,"(120, 811, 'sshd', Decimal('0.000'), Decimal('0.220'), datetime.datetime(2022, 11, 23, 14, 34, 44, 343000))"
120,"(121, 815, 'gdm3', Decimal('0.000'), Decimal('0.220'), datetime.datetime(2022, 11, 23, 14, 34, 44, 357000))"
121,"(122, 1002, 'ssm-agent-worker', Decimal('0.000'), Decimal('0.550'), datetime.datetime(2022, 11, 23, 14, 34, 44, 367000))"
122,"(123, 1034, 'gdm-session-worker', Decimal('0.000'), Decimal('0.250'), datetime.datetime(2022, 11, 23, 14, 34, 44, 377000))"
123,"(124, 1039, 'systemd', Decimal('0.000'), Decimal('0.250'), datetime.datetime(2022, 11, 23, 14, 34, 44, 390000))"
124,"(125, 1040, '(sd-pam)', Decimal('0.000'), Decimal('0.110'), datetime.datetime(2022, 11, 23, 14, 34, 44, 400000))"
125,"(126, 1046, 'pipewire', Decimal('0.000'), Decimal('0.160'), datetime.datetime(2022, 11, 23, 14, 34, 44, 410000))"
126,"(127, 1047, 'pipewire-media-session', Decimal('0.000'), Decimal('0.160'), datetime.datetime(2022, 11, 23, 14, 34, 44, 420000))"
127,"(128, 1048, 'pulseaudio', Decimal('0.000'), Decimal('0.450'), datetime.datetime(2022, 11, 23, 14, 34, 44, 430000))"
128,"(129, 1049, 'rtkit-daemon', Decimal('0.000'), Decimal('0.040'), datetime.datetime(2022, 11, 23, 14, 34, 44, 440000))"
129,"(130, 1053, 'dbus-daemon', Decimal('0.000'), Decimal('0.110'), datetime.datetime(2022, 11, 23, 14, 34, 44, 453000))"
130,"(131, 1056, 'gdm-x-session', Decimal('0.000'), Decimal('0.150'), datetime.datetime(2022, 11, 23, 14, 34, 44, 463000))"
131,"(132, 1058, 'Xorg', Decimal('0.000'), Decimal('1.720'), datetime.datetime(2022, 11, 23, 14, 34, 44, 473000))"
132,"(133, 1065, 'dbus-run-session', Decimal('0.000'), Decimal('0.040'), datetime.datetime(2022, 11, 23, 14, 34, 44, 487000))"
133,"(134, 1066, 'dbus-daemon', Decimal('0.000'), Decimal('0.120'), datetime.datetime(2022, 11, 23, 14, 34, 44, 497000))"
134,"(135, 1067, 'gnome-session-binary', Decimal('0.000'), Decimal('0.440'), datetime.datetime(2022, 11, 23, 14, 34, 44, 507000))"
135,"(136, 1072, 'at-spi-bus-launcher', Decimal('0.000'), Decimal('0.200'), datetime.datetime(2022, 11, 23, 14, 34, 44, 517000))"
136,"(137, 1077, 'dbus-daemon', Decimal('0.000'), Decimal('0.110'), datetime.datetime(2022, 11, 23, 14, 34, 44, 527000))"
137,"(138, 1095, 'gnome-shell', Decimal('0.000'), Decimal('4.920'), datetime.datetime(2022, 11, 23, 14, 34, 44, 537000))"
138,"(139, 1112, 'xdg-permission-store', Decimal('0.000'), Decimal('0.130'), datetime.datetime(2022, 11, 23, 14, 34, 44, 547000))"
139,"(140, 1118, 'upowerd', Decimal('0.000'), Decimal('0.220'), datetime.datetime(2022, 11, 23, 14, 34, 44, 557000))"
140,"(141, 1129, 'packagekitd', Decimal('0.000'), Decimal('0.520'), datetime.datetime(2022, 11, 23, 14, 34, 44, 567000))"
141,"(142, 1132, 'at-spi2-registryd', Decimal('0.000'), Decimal('0.210'), datetime.datetime(2022, 11, 23, 14, 34, 44, 577000))"
142,"(143, 1143, 'gsd-color', Decimal('0.000'), Decimal('0.510'), datetime.datetime(2022, 11, 23, 14, 34, 44, 587000))"
143,"(144, 1144, 'ibus-daemon', Decimal('0.000'), Decimal('0.290'), datetime.datetime(2022, 11, 23, 14, 34, 44, 597000))"
144,"(145, 1146, 'gsd-print-notifications', Decimal('0.000'), Decimal('0.280'), datetime.datetime(2022, 11, 23, 14, 34, 44, 607000))"
145,"(146, 1148, 'gsd-a11y-settings', Decimal('0.000'), Decimal('0.170'), datetime.datetime(2022, 11, 23, 14, 34, 44, 617000))"
146,"(147, 1153, 'gsd-power', Decimal('0.000'), Decimal('0.490'), datetime.datetime(2022, 11, 23, 14, 34, 44, 630000))"
147,"(148, 1158, 'gsd-media-keys', Decimal('0.000'), Decimal('0.550'), datetime.datetime(2022, 11, 23, 14, 34, 44, 640000))"
148,"(149, 1160, 'gsd-rfkill', Decimal('0.000'), Decimal('0.160'), datetime.datetime(2022, 11, 23, 14, 34, 44, 650000))"
149,"(150, 1161, 'gvfsd', Decimal('0.000'), Decimal('0.190'), datetime.datetime(2022, 11, 23, 14, 34, 44, 660000))"
150,"(151, 1163, 'gsd-keyboard', Decimal('0.000'), Decimal('0.410'), datetime.datetime(2022, 11, 23, 14, 34, 44, 670000))"
151,"(152, 1165, 'gsd-wacom', Decimal('0.000'), Decimal('0.400'), datetime.datetime(2022, 11, 23, 14, 34, 44, 683000))"
152,"(153, 1167, 'gsd-housekeeping', Decimal('0.000'), Decimal('0.180'), datetime.datetime(2022, 11, 23, 14, 34, 44, 693000))"
153,"(154, 1171, 'gsd-sound', Decimal('0.000'), Decimal('0.240'), datetime.datetime(2022, 11, 23, 14, 34, 44, 703000))"
154,"(155, 1172, 'gsd-datetime', Decimal('0.000'), Decimal('0.410'), datetime.datetime(2022, 11, 23, 14, 34, 44, 713000))"
155,"(156, 1176, 'gsd-smartcard', Decimal('0.000'), Decimal('0.200'), datetime.datetime(2022, 11, 23, 14, 34, 44, 723000))"
156,"(157, 1179, 'gsd-screensaver-proxy', Decimal('0.000'), Decimal('0.150'), datetime.datetime(2022, 11, 23, 14, 34, 44, 733000))"
157,"(158, 1183, 'gsd-sharing', Decimal('0.000'), Decimal('0.250'), datetime.datetime(2022, 11, 23, 14, 34, 44, 743000))"
158,"(159, 1210, 'gsd-printer', Decimal('0.000'), Decimal('0.380'), datetime.datetime(2022, 11, 23, 14, 34, 44, 753000))"
159,"(160, 1212, 'colord', Decimal('0.000'), Decimal('0.330'), datetime.datetime(2022, 11, 23, 14, 34, 44, 763000))"
160,"(161, 1241, 'ibus-dconf', Decimal('0.000'), Decimal('0.190'), datetime.datetime(2022, 11, 23, 14, 34, 44, 773000))"
161,"(162, 1253, 'ibus-portal', Decimal('0.000'), Decimal('0.190'), datetime.datetime(2022, 11, 23, 14, 34, 44, 797000))"
162,"(163, 1277, 'ibus-engine-simple', Decimal('0.000'), Decimal('0.190'), datetime.datetime(2022, 11, 23, 14, 34, 44, 807000))"
163,"(164, 1444, 'cupsd', Decimal('0.000'), Decimal('0.350'), datetime.datetime(2022, 11, 23, 14, 34, 44, 817000))"
164,"(165, 1445, 'dbus', Decimal('0.000'), Decimal('0.140'), datetime.datetime(2022, 11, 23, 14, 34, 44, 827000))"
165,"(166, 1446, 'cups-browsed', Decimal('0.000'), Decimal('0.300'), datetime.datetime(2022, 11, 23, 14, 34, 44, 837000))"
166,"(167, 1471, 'xrdp', Decimal('0.000'), Decimal('0.640'), datetime.datetime(2022, 11, 23, 14, 34, 44, 843000))"
167,"(168, 1472, 'xrdp-sesman', Decimal('0.000'), Decimal('0.120'), datetime.datetime(2022, 11, 23, 14, 34, 44, 853000))"
168,"(169, 1474, 'systemd', Decimal('0.000'), Decimal('0.250'), datetime.datetime(2022, 11, 23, 14, 34, 44, 863000))"
169,"(170, 1475, '(sd-pam)', Decimal('0.000'), Decimal('0.110'), datetime.datetime(2022, 11, 23, 14, 34, 44, 877000))"
170,"(171, 1481, 'pipewire', Decimal('0.000'), Decimal('0.170'), datetime.datetime(2022, 11, 23, 14, 34, 44, 883000))"
171,"(172, 1482, 'pipewire-media-session', Decimal('0.000'), Decimal('0.170'), datetime.datetime(2022, 11, 23, 14, 34, 44, 893000))"
172,"(173, 1483, 'pulseaudio', Decimal('0.000'), Decimal('0.480'), datetime.datetime(2022, 11, 23, 14, 34, 44, 907000))"
173,"(174, 1484, 'lxsession', Decimal('0.000'), Decimal('0.350'), datetime.datetime(2022, 11, 23, 14, 34, 44, 917000))"
174,"(175, 1485, 'Xorg', Decimal('0.000'), Decimal('1.900'), datetime.datetime(2022, 11, 23, 14, 34, 44, 927000))"
175,"(176, 1489, 'dbus-daemon', Decimal('0.000'), Decimal('0.130'), datetime.datetime(2022, 11, 23, 14, 34, 44, 940000))"
176,"(177, 1495, 'xrdp-chansrv', Decimal('0.000'), Decimal('0.140'), datetime.datetime(2022, 11, 23, 14, 34, 44, 950000))"
177,"(178, 1574, 'ssh-agent', Decimal('0.000'), Decimal('0.030'), datetime.datetime(2022, 11, 23, 14, 34, 44, 960000))"
178,"(179, 1591, 'ibus-daemon', Decimal('0.000'), Decimal('0.200'), datetime.datetime(2022, 11, 23, 14, 34, 44, 970000))"
179,"(180, 1598, 'gvfsd', Decimal('0.000'), Decimal('0.210'), datetime.datetime(2022, 11, 23, 14, 34, 44, 987000))"
180,"(181, 1605, 'gvfsd-fuse', Decimal('0.000'), Decimal('0.170'), datetime.datetime(2022, 11, 23, 14, 34, 44, 997000))"
181,"(182, 1607, 'ibus-dconf', Decimal('0.000'), Decimal('0.190'), datetime.datetime(2022, 11, 23, 14, 34, 45, 7000))"
182,"(183, 1608, 'ibus-ui-gtk3', Decimal('0.000'), Decimal('1.840'), datetime.datetime(2022, 11, 23, 14, 34, 45, 20000))"
183,"(184, 1611, 'ibus-extension-gtk3', Decimal('0.000'), Decimal('1.750'), datetime.datetime(2022, 11, 23, 14, 34, 45, 30000))"
184,"(185, 1617, 'openbox', Decimal('0.000'), Decimal('0.510'), datetime.datetime(2022, 11, 23, 14, 34, 45, 40000))"
185,"(186, 1620, 'ibus-x11', Decimal('0.000'), Decimal('1.540'), datetime.datetime(2022, 11, 23, 14, 34, 45, 53000))"
186,"(187, 1621, 'lxpolkit', Decimal('0.000'), Decimal('0.300'), datetime.datetime(2022, 11, 23, 14, 34, 45, 67000))"
187,"(188, 1628, 'lxpanel', Decimal('0.000'), Decimal('0.960'), datetime.datetime(2022, 11, 23, 14, 34, 45, 77000))"
188,"(189, 1630, 'ibus-portal', Decimal('0.000'), Decimal('0.180'), datetime.datetime(2022, 11, 23, 14, 34, 45, 87000))"
189,"(190, 1633, 'pcmanfm', Decimal('0.000'), Decimal('0.800'), datetime.datetime(2022, 11, 23, 14, 34, 45, 97000))"
190,"(191, 1635, 'xscreensaver', Decimal('0.000'), Decimal('0.130'), datetime.datetime(2022, 11, 23, 14, 34, 45, 107000))"
191,"(192, 1644, 'evolution-alarm-notify', Decimal('0.000'), Decimal('1.410'), datetime.datetime(2022, 11, 23, 14, 34, 45, 120000))"
192,"(193, 1646, 'ssh-agent', Decimal('0.000'), Decimal('0.030'), datetime.datetime(2022, 11, 23, 14, 34, 45, 130000))"
193,"(194, 1670, 'parcellite', Decimal('0.000'), Decimal('0.480'), datetime.datetime(2022, 11, 23, 14, 34, 45, 143000))"
194,"(195, 1677, 'xscreensaver-systemd', Decimal('0.000'), Decimal('0.040'), datetime.datetime(2022, 11, 23, 14, 34, 45, 153000))"
195,"(196, 1678, 'agent', Decimal('0.000'), Decimal('0.140'), datetime.datetime(2022, 11, 23, 14, 34, 45, 167000))"
196,"(197, 1680, 'gvfs-udisks2-volume-monitor', Decimal('0.000'), Decimal('0.240'), datetime.datetime(2022, 11, 23, 14, 34, 45, 177000))"
197,"(198, 1695, 'at-spi-bus-launcher', Decimal('0.000'), Decimal('0.210'), datetime.datetime(2022, 11, 23, 14, 34, 45, 187000))"
198,"(199, 1715, 'nm-applet', Decimal('0.000'), Decimal('0.870'), datetime.datetime(2022, 11, 23, 14, 34, 45, 203000))"
199,"(200, 1716, 'dbus-daemon', Decimal('0.000'), Decimal('0.110'), datetime.datetime(2022, 11, 23, 14, 34, 45, 220000))"
200,"(201, 1718, 'gvfs-afc-volume-monitor', Decimal('0.000'), Decimal('0.210'), datetime.datetime(2022, 11, 23, 14, 34, 45, 230000))"
201,"(202, 1726, 'menu-cached', Decimal('0.000'), Decimal('0.140'), datetime.datetime(2022, 11, 23, 14, 34, 45, 240000))"
202,"(203, 1733, 'at-spi2-registryd', Decimal('0.000'), Decimal('0.210'), datetime.datetime(2022, 11, 23, 14, 34, 45, 250000))"
203,"(204, 1736, 'gvfs-goa-volume-monitor', Decimal('0.000'), Decimal('0.160'), datetime.datetime(2022, 11, 23, 14, 34, 45, 263000))"
204,"(205, 1745, 'goa-daemon', Decimal('0.000'), Decimal('0.900'), datetime.datetime(2022, 11, 23, 14, 34, 45, 273000))"
205,"(206, 1747, 'xdg-desktop-portal', Decimal('0.000'), Decimal('0.330'), datetime.datetime(2022, 11, 23, 14, 34, 45, 283000))"
206,"(207, 1766, 'xdg-document-portal', Decimal('0.000'), Decimal('0.170'), datetime.datetime(2022, 11, 23, 14, 34, 45, 293000))"
207,"(208, 1773, 'xdg-permission-store', Decimal('0.000'), Decimal('0.160'), datetime.datetime(2022, 11, 23, 14, 34, 45, 303000))"
208,"(209, 1785, 'evolution-source-registry', Decimal('0.000'), Decimal('0.650'), datetime.datetime(2022, 11, 23, 14, 34, 45, 317000))"
209,"(210, 1787, 'ibus-engine-simple', Decimal('0.000'), Decimal('0.180'), datetime.datetime(2022, 11, 23, 14, 34, 45, 327000))"
210,"(211, 1788, 'goa-identity-service', Decimal('0.000'), Decimal('0.380'), datetime.datetime(2022, 11, 23, 14, 34, 45, 337000))"
211,"(212, 1790, 'fusermount3', Decimal('0.000'), Decimal('0.030'), datetime.datetime(2022, 11, 23, 14, 34, 45, 350000))"
212,"(213, 1797, 'gvfs-gphoto2-volume-monitor', Decimal('0.000'), Decimal('0.160'), datetime.datetime(2022, 11, 23, 14, 34, 45, 360000))"
213,"(214, 1798, 'xdg-desktop-portal-gtk', Decimal('0.000'), Decimal('0.460'), datetime.datetime(2022, 11, 23, 14, 34, 45, 373000))"
214,"(215, 1811, 'gvfs-mtp-volume-monitor', Decimal('0.000'), Decimal('0.150'), datetime.datetime(2022, 11, 23, 14, 34, 45, 383000))"
215,"(216, 1841, 'gvfsd-trash', Decimal('0.000'), Decimal('0.230'), datetime.datetime(2022, 11, 23, 14, 34, 45, 393000))"
216,"(217, 1845, 'gnome-keyring-daemon', Decimal('0.000'), Decimal('0.210'), datetime.datetime(2022, 11, 23, 14, 34, 45, 403000))"
217,"(218, 1852, 'gvfsd-metadata', Decimal('0.000'), Decimal('0.160'), datetime.datetime(2022, 11, 23, 14, 34, 45, 413000))"
218,"(219, 1866, 'evolution-calendar-factory', Decimal('0.000'), Decimal('0.770'), datetime.datetime(2022, 11, 23, 14, 34, 45, 423000))"
219,"(220, 1875, 'dconf-service', Decimal('0.000'), Decimal('0.110'), datetime.datetime(2022, 11, 23, 14, 34, 45, 433000))"
220,"(221, 1876, 'evolution-addressbook-factory', Decimal('0.000'), Decimal('0.720'), datetime.datetime(2022, 11, 23, 14, 34, 45, 447000))"
221,"(222, 1919, 'tilix', Decimal('0.000'), Decimal('1.700'), datetime.datetime(2022, 11, 23, 14, 34, 45, 457000))"
222,"(223, 1931, 'bash', Decimal('0.000'), Decimal('0.140'), datetime.datetime(2022, 11, 23, 14, 34, 45, 467000))"
223,"(224, 1977, 'python3', Decimal('0.000'), Decimal('0.630'), datetime.datetime(2022, 11, 23, 14, 34, 45, 480000))"
224,"(225, 1, 'systemd', Decimal('0.000'), Decimal('0.340'), datetime.datetime(2022, 11, 23, 14, 42, 39, 717000))"
225,"(226, 2, 'kthreadd', Decimal('0.000'), Decimal('0.000'), datetime.datetime(2022, 11, 23, 14, 42, 39, 743000))"
226,"(227, 3, 'rcu_gp', Decimal('0.000'), Decimal('0.000'), datetime.datetime(2022, 11, 23, 14, 42, 39, 753000))"
227,"(228, 4, 'rcu_par_gp', Decimal('0.000'), Decimal('0.000'), datetime.datetime(2022, 11, 23, 14, 42, 39, 763000))"
228,"(229, 5, 'netns', Decimal('0.000'), Decimal('0.000'), datetime.datetime(2022, 11, 23, 14, 42, 39, 777000))"
229,"(230, 7, 'kworker/0:0H-events_highpri', Decimal('0.000'), Decimal('0.000'), datetime.datetime(2022, 11, 23, 14, 42, 39, 787000))"
230,"(231, 9, 'mm_percpu_wq', Decimal('0.000'), Decimal('0.000'), datetime.datetime(2022, 11, 23, 14, 42, 39, 803000))"
231,"(232, 10, 'rcu_tasks_rude_', Decimal('0.000'), Decimal('0.000'), datetime.datetime(2022, 11, 23, 14, 42, 39, 813000))"
232,"(233, 11, 'rcu_tasks_trace', Decimal('0.000'), Decimal('0.000'), datetime.datetime(2022, 11, 23, 14, 42, 39, 827000))"
233,"(234, 12, 'ksoftirqd/0', Decimal('0.000'), Decimal('0.000'), datetime.datetime(2022, 11, 23, 14, 42, 39, 837000))"
234,"(235, 13, 'rcu_sched', Decimal('0.000'), Decimal('0.000'), datetime.datetime(2022, 11, 23, 14, 42, 39, 850000))"
235,"(236, 14, 'migration/0', Decimal('0.000'), Decimal('0.000'), datetime.datetime(2022, 11, 23, 14, 42, 39, 863000))"
236,"(237, 15, 'idle_inject/0', Decimal('0.000'), Decimal('0.000'), datetime.datetime(2022, 11, 23, 14, 42, 39, 877000))"
237,"(238, 16, 'kworker/0:1-events', Decimal('0.000'), Decimal('0.000'), datetime.datetime(2022, 11, 23, 14, 42, 39, 887000))"
238,"(239, 17, 'cpuhp/0', Decimal('0.000'), Decimal('0.000'), datetime.datetime(2022, 11, 23, 14, 42, 39, 900000))"
239,"(240, 18, 'cpuhp/1', Decimal('0.000'), Decimal('0.000'), datetime.datetime(2022, 11, 23, 14, 42, 39, 910000))"
240,"(241, 19, 'idle_inject/1', Decimal('0.000'), Decimal('0.000'), datetime.datetime(2022, 11, 23, 14, 42, 39, 923000))"
241,"(242, 20, 'migration/1', Decimal('0.000'), Decimal('0.000'), datetime.datetime(2022, 11, 23, 14, 42, 39, 937000))"
242,"(243, 21, 'ksoftirqd/1', Decimal('0.000'), Decimal('0.000'), datetime.datetime(2022, 11, 23, 14, 42, 39, 947000))"
243,"(244, 22, 'kworker/1:0-events', Decimal('0.000'), Decimal('0.000'), datetime.datetime(2022, 11, 23, 14, 42, 39, 960000))"
244,"(245, 23, 'kworker/1:0H-events_highpri', Decimal('0.000'), Decimal('0.000'), datetime.datetime(2022, 11, 23, 14, 42, 39, 973000))"
245,"(246, 24, 'kdevtmpfs', Decimal('0.000'), Decimal('0.000'), datetime.datetime(2022, 11, 23, 14, 42, 39, 983000))"
246,"(247, 25, 'inet_frag_wq', Decimal('0.000'), Decimal('0.000'), datetime.datetime(2022, 11, 23, 14, 42, 39, 997000))"
247,"(248, 26, 'kauditd', Decimal('0.000'), Decimal('0.000'), datetime.datetime(2022, 11, 23, 14, 42, 40, 7000))"
248,"(249, 28, 'khungtaskd', Decimal('0.000'), Decimal('0.000'), datetime.datetime(2022, 11, 23, 14, 42, 40, 20000))"
249,"(250, 29, 'oom_reaper', Decimal('0.000'), Decimal('0.000'), datetime.datetime(2022, 11, 23, 14, 42, 40, 33000))"
250,"(251, 30, 'writeback', Decimal('0.000'), Decimal('0.000'), datetime.datetime(2022, 11, 23, 14, 42, 40, 47000))"
251,"(252, 31, 'kcompactd0', Decimal('0.000'), Decimal('0.000'), datetime.datetime(2022, 11, 23, 14, 42, 40, 57000))"
252,"(253, 32, 'ksmd', Decimal('0.000'), Decimal('0.000'), datetime.datetime(2022, 11, 23, 14, 42, 40, 70000))"
253,"(254, 33, 'khugepaged', Decimal('0.000'), Decimal('0.000'), datetime.datetime(2022, 11, 23, 14, 42, 40, 80000))"
254,"(255, 79, 'kintegrityd', Decimal('0.000'), Decimal('0.000'), datetime.datetime(2022, 11, 23, 14, 42, 40, 93000))"
255,"(256, 80, 'kblockd', Decimal('0.000'), Decimal('0.000'), datetime.datetime(2022, 11, 23, 14, 42, 40, 110000))"
256,"(257, 81, 'blkcg_punt_bio', Decimal('0.000'), Decimal('0.000'), datetime.datetime(2022, 11, 23, 14, 42, 40, 120000))"
257,"(258, 82, 'tpm_dev_wq', Decimal('0.000'), Decimal('0.000'), datetime.datetime(2022, 11, 23, 14, 42, 40, 133000))"
258,"(259, 83, 'ata_sff', Decimal('0.000'), Decimal('0.000'), datetime.datetime(2022, 11, 23, 14, 42, 40, 147000))"
259,"(260, 84, 'md', Decimal('0.000'), Decimal('0.000'), datetime.datetime(2022, 11, 23, 14, 42, 40, 160000))"
260,"(261, 85, 'edac-poller', Decimal('0.000'), Decimal('0.000'), datetime.datetime(2022, 11, 23, 14, 42, 40, 170000))"
261,"(262, 86, 'devfreq_wq', Decimal('0.000'), Decimal('0.000'), datetime.datetime(2022, 11, 23, 14, 42, 40, 183000))"
262,"(263, 87, 'watchdogd', Decimal('0.000'), Decimal('0.000'), datetime.datetime(2022, 11, 23, 14, 42, 40, 193000))"
263,"(264, 88, 'kworker/u4:1-events_power_efficient', Decimal('0.000'), Decimal('0.000'), datetime.datetime(2022, 11, 23, 14, 42, 40, 207000))"
264,"(265, 89, 'kworker/1:1H-events_highpri', Decimal('0.000'), Decimal('0.000'), datetime.datetime(2022, 11, 23, 14, 42, 40, 220000))"
265,"(266, 91, 'kswapd0', Decimal('0.000'), Decimal('0.000'), datetime.datetime(2022, 11, 23, 14, 42, 40, 230000))"
266,"(267, 92, 'ecryptfs-kthrea', Decimal('0.000'), Decimal('0.000'), datetime.datetime(2022, 11, 23, 14, 42, 40, 243000))"
267,"(268, 94, 'kthrotld', Decimal('0.000'), Decimal('0.000'), datetime.datetime(2022, 11, 23, 14, 42, 40, 253000))"
268,"(269, 95, 'acpi_thermal_pm', Decimal('0.000'), Decimal('0.000'), datetime.datetime(2022, 11, 23, 14, 42, 40, 267000))"
269,"(270, 96, 'nvme-wq', Decimal('0.000'), Decimal('0.000'), datetime.datetime(2022, 11, 23, 14, 42, 40, 277000))"
270,"(271, 97, 'nvme-reset-wq', Decimal('0.000'), Decimal('0.000'), datetime.datetime(2022, 11, 23, 14, 42, 40, 290000))"
271,"(272, 98, 'nvme-delete-wq', Decimal('0.000'), Decimal('0.000'), datetime.datetime(2022, 11, 23, 14, 42, 40, 303000))"
272,"(273, 100, 'vfio-irqfd-clea', Decimal('0.000'), Decimal('0.000'), datetime.datetime(2022, 11, 23, 14, 42, 40, 327000))"
273,"(274, 102, 'kworker/0:1H-events_highpri', Decimal('0.000'), Decimal('0.000'), datetime.datetime(2022, 11, 23, 14, 42, 40, 337000))"
274,"(275, 103, 'mld', Decimal('0.000'), Decimal('0.000'), datetime.datetime(2022, 11, 23, 14, 42, 40, 350000))"
275,"(276, 104, 'ipv6_addrconf', Decimal('0.000'), Decimal('0.000'), datetime.datetime(2022, 11, 23, 14, 42, 40, 367000))"
276,"(277, 105, 'kworker/0:2-cgroup_destroy', Decimal('0.000'), Decimal('0.000'), datetime.datetime(2022, 11, 23, 14, 42, 40, 377000))"
277,"(278, 114, 'kstrp', Decimal('0.000'), Decimal('0.000'), datetime.datetime(2022, 11, 23, 14, 42, 40, 390000))"
278,"(279, 117, 'zswap-shrink', Decimal('0.000'), Decimal('0.000'), datetime.datetime(2022, 11, 23, 14, 42, 40, 403000))"
279,"(280, 118, 'kworker/u5:0', Decimal('0.000'), Decimal('0.000'), datetime.datetime(2022, 11, 23, 14, 42, 40, 413000))"
280,"(281, 123, 'charger_manager', Decimal('0.000'), Decimal('0.000'), datetime.datetime(2022, 11, 23, 14, 42, 40, 427000))"
281,"(282, 124, 'jbd2/nvme0n1p1-', Decimal('0.000'), Decimal('0.000'), datetime.datetime(2022, 11, 23, 14, 42, 40, 440000))"
282,"(283, 125, 'ext4-rsv-conver', Decimal('0.000'), Decimal('0.000'), datetime.datetime(2022, 11, 23, 14, 42, 40, 453000))"
283,"(284, 165, 'systemd-journald', Decimal('0.000'), Decimal('1.030'), datetime.datetime(2022, 11, 23, 14, 42, 40, 463000))"
284,"(285, 190, 'kworker/0:3-events', Decimal('0.000'), Decimal('0.000'), datetime.datetime(2022, 11, 23, 14, 42, 40, 483000))"
285,"(286, 205, 'kaluad', Decimal('0.000'), Decimal('0.000'), datetime.datetime(2022, 11, 23, 14, 42, 40, 497000))"
286,"(287, 206, 'kmpath_rdacd', Decimal('0.000'), Decimal('0.000'), datetime.datetime(2022, 11, 23, 14, 42, 40, 510000))"
287,"(288, 207, 'kmpathd', Decimal('0.000'), Decimal('0.000'), datetime.datetime(2022, 11, 23, 14, 42, 40, 520000))"
288,"(289, 208, 'kmpath_handlerd', Decimal('0.000'), Decimal('0.000'), datetime.datetime(2022, 11, 23, 14, 42, 40, 537000))"
289,"(290, 209, 'multipathd', Decimal('0.000'), Decimal('0.690'), datetime.datetime(2022, 11, 23, 14, 42, 40, 547000))"
290,"(291, 212, 'systemd-udevd', Decimal('0.000'), Decimal('0.170'), datetime.datetime(2022, 11, 23, 14, 42, 40, 560000))"
291,"(292, 242, 'cryptd', Decimal('0.000'), Decimal('0.000'), datetime.datetime(2022, 11, 23, 14, 42, 40, 573000))"
292,"(293, 243, 'ena', Decimal('0.000'), Decimal('0.000'), datetime.datetime(2022, 11, 23, 14, 42, 40, 583000))"
293,"(294, 330, 'kworker/u4:6-events_unbound', Decimal('0.000'), Decimal('0.000'), datetime.datetime(2022, 11, 23, 14, 42, 40, 597000))"
294,"(295, 397, 'kworker/1:7-events', Decimal('0.000'), Decimal('0.000'), datetime.datetime(2022, 11, 23, 14, 42, 40, 610000))"
295,"(296, 475, 'systemd-networkd', Decimal('0.000'), Decimal('0.200'), datetime.datetime(2022, 11, 23, 14, 42, 40, 623000))"
296,"(297, 477, 'systemd-resolved', Decimal('0.000'), Decimal('0.320'), datetime.datetime(2022, 11, 23, 14, 42, 40, 640000))"
297,"(298, 511, 'accounts-daemon', Decimal('0.000'), Decimal('0.200'), datetime.datetime(2022, 11, 23, 14, 42, 40, 653000))"
298,"(299, 512, 'acpid', Decimal('0.000'), Decimal('0.030'), datetime.datetime(2022, 11, 23, 14, 42, 40, 663000))"
299,"(300, 513, 'avahi-daemon', Decimal('0.000'), Decimal('0.100'), datetime.datetime(2022, 11, 23, 14, 42, 40, 677000))"
300,"(301, 514, 'dbus-daemon', Decimal('0.000'), Decimal('0.160'), datetime.datetime(2022, 11, 23, 14, 42, 40, 687000))"
301,"(302, 515, 'NetworkManager', Decimal('0.000'), Decimal('0.450'), datetime.datetime(2022, 11, 23, 14, 42, 40, 700000))"
302,"(303, 516, 'connmand', Decimal('0.000'), Decimal('0.180'), datetime.datetime(2022, 11, 23, 14, 42, 40, 710000))"
303,"(304, 518, 'dundee', Decimal('0.000'), Decimal('0.050'), datetime.datetime(2022, 11, 23, 14, 42, 40, 723000))"
304,"(305, 522, 'irqbalance', Decimal('0.000'), Decimal('0.100'), datetime.datetime(2022, 11, 23, 14, 42, 40, 737000))"
305,"(306, 523, 'networkd-dispat', Decimal('0.000'), Decimal('0.530'), datetime.datetime(2022, 11, 23, 14, 42, 40, 747000))"
306,"(307, 524, 'ofonod', Decimal('0.000'), Decimal('0.150'), datetime.datetime(2022, 11, 23, 14, 42, 40, 760000))"
307,"(308, 525, 'polkitd', Decimal('0.000'), Decimal('0.260'), datetime.datetime(2022, 11, 23, 14, 42, 40, 773000))"
308,"(309, 526, 'power-profiles-daemon', Decimal('0.000'), Decimal('0.190'), datetime.datetime(2022, 11, 23, 14, 42, 40, 787000))"
309,"(310, 527, 'rsyslogd', Decimal('0.000'), Decimal('0.150'), datetime.datetime(2022, 11, 23, 14, 42, 40, 797000))"
310,"(311, 528, 'snapd', Decimal('0.000'), Decimal('0.740'), datetime.datetime(2022, 11, 23, 14, 42, 40, 810000))"
311,"(312, 529, 'switcheroo-control', Decimal('0.000'), Decimal('0.120'), datetime.datetime(2022, 11, 23, 14, 42, 40, 827000))"
312,"(313, 530, 'systemd-logind', Decimal('0.000'), Decimal('0.230'), datetime.datetime(2022, 11, 23, 14, 42, 40, 837000))"
313,"(314, 531, 'udisksd', Decimal('0.000'), Decimal('0.330'), datetime.datetime(2022, 11, 23, 14, 42, 40, 847000))"
314,"(315, 532, 'wpa_supplicant', Decimal('0.000'), Decimal('0.150'), datetime.datetime(2022, 11, 23, 14, 42, 40, 870000))"
315,"(316, 533, 'avahi-daemon', Decimal('0.000'), Decimal('0.010'), datetime.datetime(2022, 11, 23, 14, 42, 40, 883000))"
316,"(317, 557, 'ModemManager', Decimal('0.000'), Decimal('0.300'), datetime.datetime(2022, 11, 23, 14, 42, 40, 897000))"
317,"(318, 579, 'amazon-ssm-agent', Decimal('0.000'), Decimal('0.360'), datetime.datetime(2022, 11, 23, 14, 42, 40, 907000))"
318,"(319, 583, 'containerd', Decimal('0.000'), Decimal('0.880'), datetime.datetime(2022, 11, 23, 14, 42, 40, 917000))"
319,"(320, 596, 'bpfilter_umh', Decimal('0.000'), Decimal('0.020'), datetime.datetime(2022, 11, 23, 14, 42, 40, 930000))"
320,"(321, 609, 'xrdp-sesman', Decimal('0.000'), Decimal('0.140'), datetime.datetime(2022, 11, 23, 14, 42, 40, 943000))"
321,"(322, 652, 'xrdp', Decimal('0.000'), Decimal('0.060'), datetime.datetime(2022, 11, 23, 14, 42, 40, 957000))"
322,"(323, 669, 'unattended-upgr', Decimal('0.000'), Decimal('0.590'), datetime.datetime(2022, 11, 23, 14, 42, 40, 967000))"
323,"(324, 714, 'chronyd', Decimal('0.000'), Decimal('0.090'), datetime.datetime(2022, 11, 23, 14, 42, 40, 980000))"
324,"(325, 722, 'chronyd', Decimal('0.000'), Decimal('0.080'), datetime.datetime(2022, 11, 23, 14, 42, 40, 993000))"
325,"(326, 781, 'dockerd', Decimal('0.000'), Decimal('1.930'), datetime.datetime(2022, 11, 23, 14, 42, 41, 7000))"
326,"(327, 783, 'cron', Decimal('0.000'), Decimal('0.070'), datetime.datetime(2022, 11, 23, 14, 42, 41, 20000))"
327,"(328, 807, 'agetty', Decimal('0.000'), Decimal('0.030'), datetime.datetime(2022, 11, 23, 14, 42, 41, 33000))"
328,"(329, 811, 'sshd', Decimal('0.000'), Decimal('0.220'), datetime.datetime(2022, 11, 23, 14, 42, 41, 43000))"
329,"(330, 815, 'gdm3', Decimal('0.000'), Decimal('0.220'), datetime.datetime(2022, 11, 23, 14, 42, 41, 53000))"
330,"(331, 1002, 'ssm-agent-worker', Decimal('0.000'), Decimal('0.550'), datetime.datetime(2022, 11, 23, 14, 42, 41, 77000))"
331,"(332, 1034, 'gdm-session-worker', Decimal('0.000'), Decimal('0.250'), datetime.datetime(2022, 11, 23, 14, 42, 41, 90000))"
332,"(333, 1039, 'systemd', Decimal('0.000'), Decimal('0.250'), datetime.datetime(2022, 11, 23, 14, 42, 41, 100000))"
333,"(334, 1040, '(sd-pam)', Decimal('0.000'), Decimal('0.110'), datetime.datetime(2022, 11, 23, 14, 42, 41, 117000))"
334,"(335, 1046, 'pipewire', Decimal('0.000'), Decimal('0.160'), datetime.datetime(2022, 11, 23, 14, 42, 41, 127000))"
335,"(336, 1047, 'pipewire-media-session', Decimal('0.000'), Decimal('0.160'), datetime.datetime(2022, 11, 23, 14, 42, 41, 140000))"
336,"(337, 1048, 'pulseaudio', Decimal('0.000'), Decimal('0.450'), datetime.datetime(2022, 11, 23, 14, 42, 41, 150000))"
337,"(338, 1049, 'rtkit-daemon', Decimal('0.000'), Decimal('0.040'), datetime.datetime(2022, 11, 23, 14, 42, 41, 163000))"
338,"(339, 1053, 'dbus-daemon', Decimal('0.000'), Decimal('0.110'), datetime.datetime(2022, 11, 23, 14, 42, 41, 173000))"
339,"(340, 1056, 'gdm-x-session', Decimal('0.000'), Decimal('0.150'), datetime.datetime(2022, 11, 23, 14, 42, 41, 187000))"
340,"(341, 1058, 'Xorg', Decimal('0.000'), Decimal('1.720'), datetime.datetime(2022, 11, 23, 14, 42, 41, 203000))"
341,"(342, 1065, 'dbus-run-session', Decimal('0.000'), Decimal('0.040'), datetime.datetime(2022, 11, 23, 14, 42, 41, 217000))"
342,"(343, 1066, 'dbus-daemon', Decimal('0.000'), Decimal('0.120'), datetime.datetime(2022, 11, 23, 14, 42, 41, 227000))"
343,"(344, 1067, 'gnome-session-binary', Decimal('0.000'), Decimal('0.440'), datetime.datetime(2022, 11, 23, 14, 42, 41, 240000))"
344,"(345, 1072, 'at-spi-bus-launcher', Decimal('0.000'), Decimal('0.200'), datetime.datetime(2022, 11, 23, 14, 42, 41, 250000))"
345,"(346, 1077, 'dbus-daemon', Decimal('0.000'), Decimal('0.110'), datetime.datetime(2022, 11, 23, 14, 42, 41, 263000))"
346,"(347, 1095, 'gnome-shell', Decimal('0.000'), Decimal('4.920'), datetime.datetime(2022, 11, 23, 14, 42, 41, 273000))"
347,"(348, 1112, 'xdg-permission-store', Decimal('0.000'), Decimal('0.130'), datetime.datetime(2022, 11, 23, 14, 42, 41, 290000))"
348,"(349, 1118, 'upowerd', Decimal('0.000'), Decimal('0.220'), datetime.datetime(2022, 11, 23, 14, 42, 41, 300000))"
349,"(350, 1129, 'packagekitd', Decimal('0.000'), Decimal('0.520'), datetime.datetime(2022, 11, 23, 14, 42, 41, 313000))"
350,"(351, 1132, 'at-spi2-registryd', Decimal('0.000'), Decimal('0.210'), datetime.datetime(2022, 11, 23, 14, 42, 41, 330000))"
351,"(352, 1143, 'gsd-color', Decimal('0.000'), Decimal('0.510'), datetime.datetime(2022, 11, 23, 14, 42, 41, 343000))"
352,"(353, 1144, 'ibus-daemon', Decimal('0.000'), Decimal('0.290'), datetime.datetime(2022, 11, 23, 14, 42, 41, 357000))"
353,"(354, 1146, 'gsd-print-notifications', Decimal('0.000'), Decimal('0.280'), datetime.datetime(2022, 11, 23, 14, 42, 41, 367000))"
354,"(355, 1148, 'gsd-a11y-settings', Decimal('0.000'), Decimal('0.170'), datetime.datetime(2022, 11, 23, 14, 42, 41, 377000))"
355,"(356, 1153, 'gsd-power', Decimal('0.000'), Decimal('0.490'), datetime.datetime(2022, 11, 23, 14, 42, 41, 390000))"
356,"(357, 1158, 'gsd-media-keys', Decimal('0.000'), Decimal('0.550'), datetime.datetime(2022, 11, 23, 14, 42, 41, 400000))"
357,"(358, 1160, 'gsd-rfkill', Decimal('0.000'), Decimal('0.160'), datetime.datetime(2022, 11, 23, 14, 42, 41, 413000))"
358,"(359, 1161, 'gvfsd', Decimal('0.000'), Decimal('0.190'), datetime.datetime(2022, 11, 23, 14, 42, 41, 423000))"
359,"(360, 1163, 'gsd-keyboard', Decimal('0.000'), Decimal('0.410'), datetime.datetime(2022, 11, 23, 14, 42, 41, 433000))"
360,"(361, 1165, 'gsd-wacom', Decimal('0.000'), Decimal('0.400'), datetime.datetime(2022, 11, 23, 14, 42, 41, 447000))"
361,"(362, 1167, 'gsd-housekeeping', Decimal('0.000'), Decimal('0.180'), datetime.datetime(2022, 11, 23, 14, 42, 41, 457000))"
362,"(363, 1171, 'gsd-sound', Decimal('0.000'), Decimal('0.240'), datetime.datetime(2022, 11, 23, 14, 42, 41, 467000))"
363,"(364, 1172, 'gsd-datetime', Decimal('0.000'), Decimal('0.410'), datetime.datetime(2022, 11, 23, 14, 42, 41, 483000))"
364,"(365, 1176, 'gsd-smartcard', Decimal('0.000'), Decimal('0.200'), datetime.datetime(2022, 11, 23, 14, 42, 41, 493000))"
365,"(366, 1179, 'gsd-screensaver-proxy', Decimal('0.000'), Decimal('0.150'), datetime.datetime(2022, 11, 23, 14, 42, 41, 507000))"
366,"(367, 1183, 'gsd-sharing', Decimal('0.000'), Decimal('0.250'), datetime.datetime(2022, 11, 23, 14, 42, 41, 517000))"
367,"(368, 1210, 'gsd-printer', Decimal('0.000'), Decimal('0.380'), datetime.datetime(2022, 11, 23, 14, 42, 41, 530000))"
368,"(369, 1212, 'colord', Decimal('0.000'), Decimal('0.330'), datetime.datetime(2022, 11, 23, 14, 42, 41, 553000))"
369,"(370, 1241, 'ibus-dconf', Decimal('0.000'), Decimal('0.190'), datetime.datetime(2022, 11, 23, 14, 42, 41, 563000))"
370,"(371, 1253, 'ibus-portal', Decimal('0.000'), Decimal('0.190'), datetime.datetime(2022, 11, 23, 14, 42, 41, 577000))"
371,"(372, 1277, 'ibus-engine-simple', Decimal('0.000'), Decimal('0.190'), datetime.datetime(2022, 11, 23, 14, 42, 41, 587000))"
372,"(373, 1444, 'cupsd', Decimal('0.000'), Decimal('0.350'), datetime.datetime(2022, 11, 23, 14, 42, 41, 600000))"
373,"(374, 1445, 'dbus', Decimal('0.000'), Decimal('0.140'), datetime.datetime(2022, 11, 23, 14, 42, 41, 610000))"
374,"(375, 1446, 'cups-browsed', Decimal('0.000'), Decimal('0.300'), datetime.datetime(2022, 11, 23, 14, 42, 41, 623000))"
375,"(376, 1471, 'xrdp', Decimal('0.000'), Decimal('0.650'), datetime.datetime(2022, 11, 23, 14, 42, 41, 633000))"
376,"(377, 1472, 'xrdp-sesman', Decimal('0.000'), Decimal('0.120'), datetime.datetime(2022, 11, 23, 14, 42, 41, 647000))"
377,"(378, 1474, 'systemd', Decimal('0.000'), Decimal('0.260'), datetime.datetime(2022, 11, 23, 14, 42, 41, 657000))"
378,"(379, 1475, '(sd-pam)', Decimal('0.000'), Decimal('0.110'), datetime.datetime(2022, 11, 23, 14, 42, 41, 670000))"
379,"(380, 1481, 'pipewire', Decimal('0.000'), Decimal('0.170'), datetime.datetime(2022, 11, 23, 14, 42, 41, 680000))"
380,"(381, 1482, 'pipewire-media-session', Decimal('0.000'), Decimal('0.170'), datetime.datetime(2022, 11, 23, 14, 42, 41, 690000))"
381,"(382, 1483, 'pulseaudio', Decimal('0.000'), Decimal('0.480'), datetime.datetime(2022, 11, 23, 14, 42, 41, 703000))"
382,"(383, 1484, 'lxsession', Decimal('0.000'), Decimal('0.350'), datetime.datetime(2022, 11, 23, 14, 42, 41, 713000))"
383,"(384, 1485, 'Xorg', Decimal('0.000'), Decimal('1.900'), datetime.datetime(2022, 11, 23, 14, 42, 41, 750000))"
384,"(385, 1489, 'dbus-daemon', Decimal('0.000'), Decimal('0.130'), datetime.datetime(2022, 11, 23, 14, 42, 41, 763000))"
385,"(386, 1495, 'xrdp-chansrv', Decimal('0.000'), Decimal('0.140'), datetime.datetime(2022, 11, 23, 14, 42, 41, 777000))"
386,"(387, 1574, 'ssh-agent', Decimal('0.000'), Decimal('0.030'), datetime.datetime(2022, 11, 23, 14, 42, 41, 787000))"
387,"(388, 1591, 'ibus-daemon', Decimal('0.000'), Decimal('0.200'), datetime.datetime(2022, 11, 23, 14, 42, 41, 797000))"
388,"(389, 1598, 'gvfsd', Decimal('0.000'), Decimal('0.210'), datetime.datetime(2022, 11, 23, 14, 42, 41, 810000))"
389,"(390, 1605, 'gvfsd-fuse', Decimal('0.000'), Decimal('0.170'), datetime.datetime(2022, 11, 23, 14, 42, 41, 823000))"
390,"(391, 1607, 'ibus-dconf', Decimal('0.000'), Decimal('0.190'), datetime.datetime(2022, 11, 23, 14, 42, 41, 833000))"
391,"(392, 1608, 'ibus-ui-gtk3', Decimal('0.000'), Decimal('1.840'), datetime.datetime(2022, 11, 23, 14, 42, 41, 843000))"
392,"(393, 1611, 'ibus-extension-gtk3', Decimal('0.000'), Decimal('1.750'), datetime.datetime(2022, 11, 23, 14, 42, 41, 853000))"
393,"(394, 1617, 'openbox', Decimal('0.000'), Decimal('0.510'), datetime.datetime(2022, 11, 23, 14, 42, 41, 867000))"
394,"(395, 1620, 'ibus-x11', Decimal('0.000'), Decimal('1.540'), datetime.datetime(2022, 11, 23, 14, 42, 41, 877000))"
395,"(396, 1621, 'lxpolkit', Decimal('0.000'), Decimal('0.300'), datetime.datetime(2022, 11, 23, 14, 42, 41, 890000))"
396,"(397, 1628, 'lxpanel', Decimal('0.000'), Decimal('0.960'), datetime.datetime(2022, 11, 23, 14, 42, 41, 903000))"
397,"(398, 1630, 'ibus-portal', Decimal('0.000'), Decimal('0.180'), datetime.datetime(2022, 11, 23, 14, 42, 41, 917000))"
398,"(399, 1633, 'pcmanfm', Decimal('0.000'), Decimal('0.800'), datetime.datetime(2022, 11, 23, 14, 42, 41, 930000))"
399,"(400, 1635, 'xscreensaver', Decimal('0.000'), Decimal('0.130'), datetime.datetime(2022, 11, 23, 14, 42, 41, 940000))"
400,"(401, 1644, 'evolution-alarm-notify', Decimal('0.000'), Decimal('1.410'), datetime.datetime(2022, 11, 23, 14, 42, 41, 953000))"
401,"(402, 1646, 'ssh-agent', Decimal('0.000'), Decimal('0.030'), datetime.datetime(2022, 11, 23, 14, 42, 41, 967000))"
402,"(403, 1670, 'parcellite', Decimal('0.000'), Decimal('0.480'), datetime.datetime(2022, 11, 23, 14, 42, 41, 980000))"
403,"(404, 1677, 'xscreensaver-systemd', Decimal('0.000'), Decimal('0.040'), datetime.datetime(2022, 11, 23, 14, 42, 41, 993000))"
404,"(405, 1678, 'agent', Decimal('0.000'), Decimal('0.140'), datetime.datetime(2022, 11, 23, 14, 42, 42, 7000))"
405,"(406, 1680, 'gvfs-udisks2-volume-monitor', Decimal('0.000'), Decimal('0.240'), datetime.datetime(2022, 11, 23, 14, 42, 42, 20000))"
406,"(407, 1695, 'at-spi-bus-launcher', Decimal('0.000'), Decimal('0.210'), datetime.datetime(2022, 11, 23, 14, 42, 42, 33000))"
407,"(408, 1715, 'nm-applet', Decimal('0.000'), Decimal('0.870'), datetime.datetime(2022, 11, 23, 14, 42, 42, 47000))"
408,"(409, 1716, 'dbus-daemon', Decimal('0.000'), Decimal('0.110'), datetime.datetime(2022, 11, 23, 14, 42, 42, 60000))"
409,"(410, 1718, 'gvfs-afc-volume-monitor', Decimal('0.000'), Decimal('0.210'), datetime.datetime(2022, 11, 23, 14, 42, 42, 77000))"
410,"(411, 1726, 'menu-cached', Decimal('0.000'), Decimal('0.140'), datetime.datetime(2022, 11, 23, 14, 42, 42, 90000))"
411,"(412, 1733, 'at-spi2-registryd', Decimal('0.000'), Decimal('0.210'), datetime.datetime(2022, 11, 23, 14, 42, 42, 100000))"
412,"(413, 1736, 'gvfs-goa-volume-monitor', Decimal('0.000'), Decimal('0.160'), datetime.datetime(2022, 11, 23, 14, 42, 42, 110000))"
413,"(414, 1745, 'goa-daemon', Decimal('0.000'), Decimal('0.900'), datetime.datetime(2022, 11, 23, 14, 42, 42, 123000))"
414,"(415, 1747, 'xdg-desktop-portal', Decimal('0.000'), Decimal('0.330'), datetime.datetime(2022, 11, 23, 14, 42, 42, 137000))"
415,"(416, 1766, 'xdg-document-portal', Decimal('0.000'), Decimal('0.170'), datetime.datetime(2022, 11, 23, 14, 42, 42, 147000))"
416,"(417, 1773, 'xdg-permission-store', Decimal('0.000'), Decimal('0.160'), datetime.datetime(2022, 11, 23, 14, 42, 42, 157000))"
417,"(418, 1785, 'evolution-source-registry', Decimal('0.000'), Decimal('0.650'), datetime.datetime(2022, 11, 23, 14, 42, 42, 170000))"
418,"(419, 1787, 'ibus-engine-simple', Decimal('0.000'), Decimal('0.180'), datetime.datetime(2022, 11, 23, 14, 42, 42, 180000))"
419,"(420, 1788, 'goa-identity-service', Decimal('0.000'), Decimal('0.380'), datetime.datetime(2022, 11, 23, 14, 42, 42, 190000))"
420,"(421, 1790, 'fusermount3', Decimal('0.000'), Decimal('0.030'), datetime.datetime(2022, 11, 23, 14, 42, 42, 203000))"
421,"(422, 1797, 'gvfs-gphoto2-volume-monitor', Decimal('0.000'), Decimal('0.160'), datetime.datetime(2022, 11, 23, 14, 42, 42, 213000))"
422,"(423, 1798, 'xdg-desktop-portal-gtk', Decimal('0.000'), Decimal('0.460'), datetime.datetime(2022, 11, 23, 14, 42, 42, 227000))"
423,"(424, 1811, 'gvfs-mtp-volume-monitor', Decimal('0.000'), Decimal('0.150'), datetime.datetime(2022, 11, 23, 14, 42, 42, 237000))"
424,"(425, 1841, 'gvfsd-trash', Decimal('0.000'), Decimal('0.230'), datetime.datetime(2022, 11, 23, 14, 42, 42, 250000))"
425,"(426, 1845, 'gnome-keyring-daemon', Decimal('0.000'), Decimal('0.210'), datetime.datetime(2022, 11, 23, 14, 42, 42, 280000))"
426,"(427, 1852, 'gvfsd-metadata', Decimal('0.000'), Decimal('0.160'), datetime.datetime(2022, 11, 23, 14, 42, 42, 293000))"
427,"(428, 1866, 'evolution-calendar-factory', Decimal('0.000'), Decimal('0.770'), datetime.datetime(2022, 11, 23, 14, 42, 42, 303000))"
428,"(429, 1875, 'dconf-service', Decimal('0.000'), Decimal('0.110'), datetime.datetime(2022, 11, 23, 14, 42, 42, 313000))"
429,"(430, 1876, 'evolution-addressbook-factory', Decimal('0.000'), Decimal('0.720'), datetime.datetime(2022, 11, 23, 14, 42, 42, 323000))"
430,"(431, 1919, 'tilix', Decimal('0.000'), Decimal('1.710'), datetime.datetime(2022, 11, 23, 14, 42, 42, 337000))"
431,"(432, 1931, 'bash', Decimal('0.000'), Decimal('0.140'), datetime.datetime(2022, 11, 23, 14, 42, 42, 347000))"
432,"(433, 2130, 'python3', Decimal('0.000'), Decimal('0.620'), datetime.datetime(2022, 11, 23, 14, 42, 42, 357000))"
433,"(434, 1, 'systemd', Decimal('0.000'), Decimal('0.340'), datetime.datetime(2022, 11, 23, 14, 42, 45, 887000))"
434,"(435, 2, 'kthreadd', Decimal('0.000'), Decimal('0.000'), datetime.datetime(2022, 11, 23, 14, 42, 45, 900000))"
435,"(436, 3, 'rcu_gp', Decimal('0.000'), Decimal('0.000'), datetime.datetime(2022, 11, 23, 14, 42, 45, 910000))"
436,"(437, 4, 'rcu_par_gp', Decimal('0.000'), Decimal('0.000'), datetime.datetime(2022, 11, 23, 14, 42, 45, 923000))"
437,"(438, 5, 'netns', Decimal('0.000'), Decimal('0.000'), datetime.datetime(2022, 11, 23, 14, 42, 45, 933000))"
438,"(439, 7, 'kworker/0:0H-events_highpri', Decimal('0.000'), Decimal('0.000'), datetime.datetime(2022, 11, 23, 14, 42, 45, 953000))"
439,"(440, 9, 'mm_percpu_wq', Decimal('0.000'), Decimal('0.000'), datetime.datetime(2022, 11, 23, 14, 42, 45, 963000))"
440,"(441, 10, 'rcu_tasks_rude_', Decimal('0.000'), Decimal('0.000'), datetime.datetime(2022, 11, 23, 14, 42, 45, 977000))"
441,"(442, 11, 'rcu_tasks_trace', Decimal('0.000'), Decimal('0.000'), datetime.datetime(2022, 11, 23, 14, 42, 45, 993000))"
442,"(443, 12, 'ksoftirqd/0', Decimal('0.000'), Decimal('0.000'), datetime.datetime(2022, 11, 23, 14, 42, 46, 7000))"
443,"(444, 13, 'rcu_sched', Decimal('0.000'), Decimal('0.000'), datetime.datetime(2022, 11, 23, 14, 42, 46, 17000))"
444,"(445, 14, 'migration/0', Decimal('0.000'), Decimal('0.000'), datetime.datetime(2022, 11, 23, 14, 42, 46, 30000))"
445,"(446, 15, 'idle_inject/0', Decimal('0.000'), Decimal('0.000'), datetime.datetime(2022, 11, 23, 14, 42, 46, 40000))"
446,"(447, 16, 'kworker/0:1-events', Decimal('0.000'), Decimal('0.000'), datetime.datetime(2022, 11, 23, 14, 42, 46, 53000))"
447,"(448, 17, 'cpuhp/0', Decimal('0.000'), Decimal('0.000'), datetime.datetime(2022, 11, 23, 14, 42, 46, 63000))"
448,"(449, 18, 'cpuhp/1', Decimal('0.000'), Decimal('0.000'), datetime.datetime(2022, 11, 23, 14, 42, 46, 77000))"
449,"(450, 19, 'idle_inject/1', Decimal('0.000'), Decimal('0.000'), datetime.datetime(2022, 11, 23, 14, 42, 46, 97000))"
450,"(451, 20, 'migration/1', Decimal('0.000'), Decimal('0.000'), datetime.datetime(2022, 11, 23, 14, 42, 46, 110000))"
451,"(452, 21, 'ksoftirqd/1', Decimal('0.000'), Decimal('0.000'), datetime.datetime(2022, 11, 23, 14, 42, 46, 133000))"
452,"(453, 22, 'kworker/1:0-events', Decimal('0.000'), Decimal('0.000'), datetime.datetime(2022, 11, 23, 14, 42, 46, 143000))"
453,"(454, 23, 'kworker/1:0H-events_highpri', Decimal('0.000'), Decimal('0.000'), datetime.datetime(2022, 11, 23, 14, 42, 46, 157000))"
454,"(455, 24, 'kdevtmpfs', Decimal('0.000'), Decimal('0.000'), datetime.datetime(2022, 11, 23, 14, 42, 46, 167000))"
455,"(456, 25, 'inet_frag_wq', Decimal('0.000'), Decimal('0.000'), datetime.datetime(2022, 11, 23, 14, 42, 46, 183000))"
456,"(457, 26, 'kauditd', Decimal('0.000'), Decimal('0.000'), datetime.datetime(2022, 11, 23, 14, 42, 46, 200000))"
457,"(458, 28, 'khungtaskd', Decimal('0.000'), Decimal('0.000'), datetime.datetime(2022, 11, 23, 14, 42, 46, 237000))"
458,"(459, 29, 'oom_reaper', Decimal('0.000'), Decimal('0.000'), datetime.datetime(2022, 11, 23, 14, 42, 46, 247000))"
459,"(460, 30, 'writeback', Decimal('0.000'), Decimal('0.000'), datetime.datetime(2022, 11, 23, 14, 42, 46, 260000))"
460,"(461, 31, 'kcompactd0', Decimal('0.000'), Decimal('0.000'), datetime.datetime(2022, 11, 23, 14, 42, 46, 270000))"
461,"(462, 32, 'ksmd', Decimal('0.000'), Decimal('0.000'), datetime.datetime(2022, 11, 23, 14, 42, 46, 283000))"
462,"(463, 33, 'khugepaged', Decimal('0.000'), Decimal('0.000'), datetime.datetime(2022, 11, 23, 14, 42, 46, 300000))"
463,"(464, 79, 'kintegrityd', Decimal('0.000'), Decimal('0.000'), datetime.datetime(2022, 11, 23, 14, 42, 46, 313000))"
464,"(465, 80, 'kblockd', Decimal('0.000'), Decimal('0.000'), datetime.datetime(2022, 11, 23, 14, 42, 46, 323000))"
465,"(466, 81, 'blkcg_punt_bio', Decimal('0.000'), Decimal('0.000'), datetime.datetime(2022, 11, 23, 14, 42, 46, 337000))"
466,"(467, 82, 'tpm_dev_wq', Decimal('0.000'), Decimal('0.000'), datetime.datetime(2022, 11, 23, 14, 42, 46, 347000))"
467,"(468, 83, 'ata_sff', Decimal('0.000'), Decimal('0.000'), datetime.datetime(2022, 11, 23, 14, 42, 46, 357000))"
468,"(469, 84, 'md', Decimal('0.000'), Decimal('0.000'), datetime.datetime(2022, 11, 23, 14, 42, 46, 373000))"
469,"(470, 85, 'edac-poller', Decimal('0.000'), Decimal('0.000'), datetime.datetime(2022, 11, 23, 14, 42, 46, 383000))"
470,"(471, 86, 'devfreq_wq', Decimal('0.000'), Decimal('0.000'), datetime.datetime(2022, 11, 23, 14, 42, 46, 397000))"
471,"(472, 87, 'watchdogd', Decimal('0.000'), Decimal('0.000'), datetime.datetime(2022, 11, 23, 14, 42, 46, 407000))"
472,"(473, 88, 'kworker/u4:1-events_power_efficient', Decimal('0.000'), Decimal('0.000'), datetime.datetime(2022, 11, 23, 14, 42, 46, 417000))"
473,"(474, 89, 'kworker/1:1H-events_highpri', Decimal('0.000'), Decimal('0.000'), datetime.datetime(2022, 11, 23, 14, 42, 46, 430000))"
474,"(475, 91, 'kswapd0', Decimal('0.000'), Decimal('0.000'), datetime.datetime(2022, 11, 23, 14, 42, 46, 443000))"
475,"(476, 92, 'ecryptfs-kthrea', Decimal('0.000'), Decimal('0.000'), datetime.datetime(2022, 11, 23, 14, 42, 46, 453000))"
476,"(477, 94, 'kthrotld', Decimal('0.000'), Decimal('0.000'), datetime.datetime(2022, 11, 23, 14, 42, 46, 467000))"
477,"(478, 95, 'acpi_thermal_pm', Decimal('0.000'), Decimal('0.000'), datetime.datetime(2022, 11, 23, 14, 42, 46, 480000))"
478,"(479, 96, 'nvme-wq', Decimal('0.000'), Decimal('0.000'), datetime.datetime(2022, 11, 23, 14, 42, 46, 490000))"
479,"(480, 97, 'nvme-reset-wq', Decimal('0.000'), Decimal('0.000'), datetime.datetime(2022, 11, 23, 14, 42, 46, 503000))"
480,"(481, 98, 'nvme-delete-wq', Decimal('0.000'), Decimal('0.000'), datetime.datetime(2022, 11, 23, 14, 42, 46, 513000))"
481,"(482, 100, 'vfio-irqfd-clea', Decimal('0.000'), Decimal('0.000'), datetime.datetime(2022, 11, 23, 14, 42, 46, 527000))"
482,"(483, 102, 'kworker/0:1H-events_highpri', Decimal('0.000'), Decimal('0.000'), datetime.datetime(2022, 11, 23, 14, 42, 46, 537000))"
483,"(484, 103, 'mld', Decimal('0.000'), Decimal('0.000'), datetime.datetime(2022, 11, 23, 14, 42, 46, 550000))"
484,"(485, 104, 'ipv6_addrconf', Decimal('0.000'), Decimal('0.000'), datetime.datetime(2022, 11, 23, 14, 42, 46, 560000))"
485,"(486, 105, 'kworker/0:2-cgroup_destroy', Decimal('0.000'), Decimal('0.000'), datetime.datetime(2022, 11, 23, 14, 42, 46, 573000))"
486,"(487, 114, 'kstrp', Decimal('0.000'), Decimal('0.000'), datetime.datetime(2022, 11, 23, 14, 42, 46, 583000))"
487,"(488, 117, 'zswap-shrink', Decimal('0.000'), Decimal('0.000'), datetime.datetime(2022, 11, 23, 14, 42, 46, 597000))"
488,"(489, 118, 'kworker/u5:0', Decimal('0.000'), Decimal('0.000'), datetime.datetime(2022, 11, 23, 14, 42, 46, 610000))"
489,"(490, 123, 'charger_manager', Decimal('0.000'), Decimal('0.000'), datetime.datetime(2022, 11, 23, 14, 42, 46, 623000))"
490,"(491, 124, 'jbd2/nvme0n1p1-', Decimal('0.000'), Decimal('0.000'), datetime.datetime(2022, 11, 23, 14, 42, 46, 633000))"
491,"(492, 125, 'ext4-rsv-conver', Decimal('0.000'), Decimal('0.000'), datetime.datetime(2022, 11, 23, 14, 42, 46, 647000))"
492,"(493, 165, 'systemd-journald', Decimal('0.000'), Decimal('1.030'), datetime.datetime(2022, 11, 23, 14, 42, 46, 657000))"
493,"(494, 190, 'kworker/0:3-events', Decimal('0.000'), Decimal('0.000'), datetime.datetime(2022, 11, 23, 14, 42, 46, 670000))"
494,"(495, 205, 'kaluad', Decimal('0.000'), Decimal('0.000'), datetime.datetime(2022, 11, 23, 14, 42, 46, 683000))"
495,"(496, 206, 'kmpath_rdacd', Decimal('0.000'), Decimal('0.000'), datetime.datetime(2022, 11, 23, 14, 42, 46, 693000))"
496,"(497, 207, 'kmpathd', Decimal('0.000'), Decimal('0.000'), datetime.datetime(2022, 11, 23, 14, 42, 46, 707000))"
497,"(498, 208, 'kmpath_handlerd', Decimal('0.000'), Decimal('0.000'), datetime.datetime(2022, 11, 23, 14, 42, 46, 723000))"
498,"(499, 209, 'multipathd', Decimal('0.000'), Decimal('0.690'), datetime.datetime(2022, 11, 23, 14, 42, 46, 733000))"
499,"(500, 212, 'systemd-udevd', Decimal('0.000'), Decimal('0.170'), datetime.datetime(2022, 11, 23, 14, 42, 46, 747000))"
500,"(501, 242, 'cryptd', Decimal('0.000'), Decimal('0.000'), datetime.datetime(2022, 11, 23, 14, 42, 46, 790000))"
501,"(502, 243, 'ena', Decimal('0.000'), Decimal('0.000'), datetime.datetime(2022, 11, 23, 14, 42, 46, 803000))"
502,"(503, 330, 'kworker/u4:6-events_unbound', Decimal('0.000'), Decimal('0.000'), datetime.datetime(2022, 11, 23, 14, 42, 46, 813000))"
503,"(504, 397, 'kworker/1:7-events', Decimal('0.000'), Decimal('0.000'), datetime.datetime(2022, 11, 23, 14, 42, 46, 827000))"
504,"(505, 475, 'systemd-networkd', Decimal('0.000'), Decimal('0.200'), datetime.datetime(2022, 11, 23, 14, 42, 46, 840000))"
505,"(506, 477, 'systemd-resolved', Decimal('0.000'), Decimal('0.320'), datetime.datetime(2022, 11, 23, 14, 42, 46, 857000))"
506,"(507, 511, 'accounts-daemon', Decimal('0.000'), Decimal('0.200'), datetime.datetime(2022, 11, 23, 14, 42, 46, 870000))"
507,"(508, 512, 'acpid', Decimal('0.000'), Decimal('0.030'), datetime.datetime(2022, 11, 23, 14, 42, 46, 880000))"
508,"(509, 513, 'avahi-daemon', Decimal('0.000'), Decimal('0.100'), datetime.datetime(2022, 11, 23, 14, 42, 46, 893000))"
509,"(510, 514, 'dbus-daemon', Decimal('0.000'), Decimal('0.160'), datetime.datetime(2022, 11, 23, 14, 42, 46, 907000))"
510,"(511, 515, 'NetworkManager', Decimal('0.000'), Decimal('0.450'), datetime.datetime(2022, 11, 23, 14, 42, 46, 917000))"
511,"(512, 516, 'connmand', Decimal('0.000'), Decimal('0.180'), datetime.datetime(2022, 11, 23, 14, 42, 46, 930000))"
512,"(513, 518, 'dundee', Decimal('0.000'), Decimal('0.050'), datetime.datetime(2022, 11, 23, 14, 42, 46, 940000))"
513,"(514, 522, 'irqbalance', Decimal('0.000'), Decimal('0.100'), datetime.datetime(2022, 11, 23, 14, 42, 46, 957000))"
514,"(515, 523, 'networkd-dispat', Decimal('0.000'), Decimal('0.530'), datetime.datetime(2022, 11, 23, 14, 42, 46, 970000))"
515,"(516, 524, 'ofonod', Decimal('0.000'), Decimal('0.150'), datetime.datetime(2022, 11, 23, 14, 42, 46, 980000))"
516,"(517, 525, 'polkitd', Decimal('0.000'), Decimal('0.260'), datetime.datetime(2022, 11, 23, 14, 42, 46, 993000))"
517,"(518, 526, 'power-profiles-daemon', Decimal('0.000'), Decimal('0.190'), datetime.datetime(2022, 11, 23, 14, 42, 47, 7000))"
518,"(519, 527, 'rsyslogd', Decimal('0.000'), Decimal('0.150'), datetime.datetime(2022, 11, 23, 14, 42, 47, 17000))"
519,"(520, 528, 'snapd', Decimal('0.000'), Decimal('0.740'), datetime.datetime(2022, 11, 23, 14, 42, 47, 27000))"
520,"(521, 529, 'switcheroo-control', Decimal('0.000'), Decimal('0.120'), datetime.datetime(2022, 11, 23, 14, 42, 47, 40000))"
521,"(522, 530, 'systemd-logind', Decimal('0.000'), Decimal('0.230'), datetime.datetime(2022, 11, 23, 14, 42, 47, 57000))"
522,"(523, 531, 'udisksd', Decimal('0.000'), Decimal('0.330'), datetime.datetime(2022, 11, 23, 14, 42, 47, 70000))"
523,"(524, 532, 'wpa_supplicant', Decimal('0.000'), Decimal('0.150'), datetime.datetime(2022, 11, 23, 14, 42, 47, 80000))"
524,"(525, 533, 'avahi-daemon', Decimal('0.000'), Decimal('0.010'), datetime.datetime(2022, 11, 23, 14, 42, 47, 93000))"
525,"(526, 557, 'ModemManager', Decimal('0.000'), Decimal('0.300'), datetime.datetime(2022, 11, 23, 14, 42, 47, 103000))"
526,"(527, 579, 'amazon-ssm-agent', Decimal('0.000'), Decimal('0.360'), datetime.datetime(2022, 11, 23, 14, 42, 47, 123000))"
527,"(528, 583, 'containerd', Decimal('0.000'), Decimal('0.880'), datetime.datetime(2022, 11, 23, 14, 42, 47, 137000))"
528,"(529, 596, 'bpfilter_umh', Decimal('0.000'), Decimal('0.020'), datetime.datetime(2022, 11, 23, 14, 42, 47, 150000))"
529,"(530, 609, 'xrdp-sesman', Decimal('0.000'), Decimal('0.140'), datetime.datetime(2022, 11, 23, 14, 42, 47, 163000))"
530,"(531, 652, 'xrdp', Decimal('0.000'), Decimal('0.060'), datetime.datetime(2022, 11, 23, 14, 42, 47, 180000))"
531,"(532, 669, 'unattended-upgr', Decimal('0.000'), Decimal('0.590'), datetime.datetime(2022, 11, 23, 14, 42, 47, 193000))"
532,"(533, 714, 'chronyd', Decimal('0.000'), Decimal('0.090'), datetime.datetime(2022, 11, 23, 14, 42, 47, 213000))"
533,"(534, 722, 'chronyd', Decimal('0.000'), Decimal('0.080'), datetime.datetime(2022, 11, 23, 14, 42, 47, 227000))"
534,"(535, 781, 'dockerd', Decimal('0.000'), Decimal('1.930'), datetime.datetime(2022, 11, 23, 14, 42, 47, 240000))"
535,"(536, 783, 'cron', Decimal('0.000'), Decimal('0.070'), datetime.datetime(2022, 11, 23, 14, 42, 47, 250000))"
536,"(537, 807, 'agetty', Decimal('0.000'), Decimal('0.030'), datetime.datetime(2022, 11, 23, 14, 42, 47, 263000))"
537,"(538, 811, 'sshd', Decimal('0.000'), Decimal('0.220'), datetime.datetime(2022, 11, 23, 14, 42, 47, 273000))"
538,"(539, 815, 'gdm3', Decimal('0.000'), Decimal('0.220'), datetime.datetime(2022, 11, 23, 14, 42, 47, 287000))"
539,"(540, 1002, 'ssm-agent-worker', Decimal('0.000'), Decimal('0.550'), datetime.datetime(2022, 11, 23, 14, 42, 47, 297000))"
540,"(541, 1034, 'gdm-session-worker', Decimal('0.000'), Decimal('0.250'), datetime.datetime(2022, 11, 23, 14, 42, 47, 313000))"
541,"(542, 1039, 'systemd', Decimal('0.000'), Decimal('0.250'), datetime.datetime(2022, 11, 23, 14, 42, 47, 327000))"
542,"(543, 1040, '(sd-pam)', Decimal('0.000'), Decimal('0.110'), datetime.datetime(2022, 11, 23, 14, 42, 47, 340000))"
543,"(544, 1046, 'pipewire', Decimal('0.000'), Decimal('0.160'), datetime.datetime(2022, 11, 23, 14, 42, 47, 353000))"
544,"(545, 1047, 'pipewire-media-session', Decimal('0.000'), Decimal('0.160'), datetime.datetime(2022, 11, 23, 14, 42, 47, 367000))"
545,"(546, 1048, 'pulseaudio', Decimal('0.000'), Decimal('0.450'), datetime.datetime(2022, 11, 23, 14, 42, 47, 380000))"
546,"(547, 1049, 'rtkit-daemon', Decimal('0.000'), Decimal('0.040'), datetime.datetime(2022, 11, 23, 14, 42, 47, 397000))"
547,"(548, 1053, 'dbus-daemon', Decimal('0.000'), Decimal('0.110'), datetime.datetime(2022, 11, 23, 14, 42, 47, 410000))"
548,"(549, 1056, 'gdm-x-session', Decimal('0.000'), Decimal('0.150'), datetime.datetime(2022, 11, 23, 14, 42, 47, 423000))"
549,"(550, 1058, 'Xorg', Decimal('0.000'), Decimal('1.720'), datetime.datetime(2022, 11, 23, 14, 42, 47, 433000))"
550,"(551, 1065, 'dbus-run-session', Decimal('0.000'), Decimal('0.040'), datetime.datetime(2022, 11, 23, 14, 42, 47, 447000))"
551,"(552, 1066, 'dbus-daemon', Decimal('0.000'), Decimal('0.120'), datetime.datetime(2022, 11, 23, 14, 42, 47, 457000))"
552,"(553, 1067, 'gnome-session-binary', Decimal('0.000'), Decimal('0.440'), datetime.datetime(2022, 11, 23, 14, 42, 47, 467000))"
553,"(554, 1072, 'at-spi-bus-launcher', Decimal('0.000'), Decimal('0.200'), datetime.datetime(2022, 11, 23, 14, 42, 47, 480000))"
554,"(555, 1077, 'dbus-daemon', Decimal('0.000'), Decimal('0.110'), datetime.datetime(2022, 11, 23, 14, 42, 47, 490000))"
